{
  "vocabulary": {
    "yeah": 77,
    "right": 48,
    "that": 60,
    "was": 70,
    "amazing": 3,
    "love": 36,
    "spending": 53,
    "time": 63,
    "in": 27,
    "traffic": 65,
    "what": 71,
    "surprise": 56,
    "he": 23,
    "failed": 15,
    "again": 1,
    "had": 21,
    "great": 20,
    "day": 10,
    "at": 7,
    "the": 61,
    "park": 44,
    "she": 51,
    "is": 29,
    "really": 47,
    "talented": 57,
    "food": 16,
    "delicious": 11,
    "so": 52,
    "happy": 22,
    "to": 64,
    "be": 8,
    "stuck": 55,
    "for": 17,
    "two": 66,
    "hours": 25,
    "wonderful": 74,
    "forget": 18,
    "my": 41,
    "umbrella": 67,
    "when": 72,
    "internet": 28,
    "stops": 54,
    "working": 76,
    "during": 12,
    "meetings": 38,
    "absolutely": 0,
    "just": 31,
    "kidding": 32,
    "it": 30,
    "terrible": 58,
    "won": 73,
    "lottery": 35,
    "lost": 34,
    "wallet": 69,
    "looking": 33,
    "forward": 19,
    "monday": 39,
    "said": 49,
    "no": 42,
    "one": 43,
    "ever": 13,
    "raining": 46,
    "how": 26,
    "lovely": 37,
    "product": 45,
    "and": 4,
    "worked": 75,
    "as": 6,
    "expected": 14,
    "thank": 59,
    "you": 79,
    "your": 80,
    "help": 24,
    "appreciated": 5,
    "this": 62,
    "best": 9,
    "movie": 40,
    "ve": 68,
    "seen": 50,
    "all": 2,
    "year": 78
  },
  "class_log_prior": [
    -0.9808292530117262,
    -0.47000362924573524
  ],
  "feature_log_prob": [
    [
      -4.795790545596741,
      -4.795790545596741,
      -4.102643365036796,
      -4.795790545596741,
      -4.102643365036796,
      -4.102643365036796,
      -4.102643365036796,
      -4.102643365036796,
      -4.795790545596741,
      -4.102643365036796,
      -4.102643365036796,
      -4.102643365036796,
      -4.795790545596741,
      -4.795790545596741,
      -4.102643365036796,
      -4.795790545596741,
      -4.102643365036796,
      -4.102643365036796,
      -4.795790545596741,
      -4.795790545596741,
      -3.6971782569286313,
      -4.102643365036796,
      -4.795790545596741,
      -4.795790545596741,
      -4.102643365036796,
      -4.795790545596741,
      -4.795790545596741,
      -4.795790545596741,
      -4.795790545596741,
      -3.6971782569286313,
      -4.102643365036796,
      -4.795790545596741,
      -4.795790545596741,
      -4.795790545596741,
      -4.795790545596741,
      -4.795790545596741,
      -4.795790545596741,
      -4.795790545596741,
      -4.795790545596741,
      -4.795790545596741,
      -4.102643365036796,
      -4.795790545596741,
      -4.795790545596741,
      -4.795790545596741,
      -4.102643365036796,
      -4.102643365036796,
      -4.795790545596741,
      -3.6971782569286313,
      -4.795790545596741,
      -4.795790545596741,
      -4.102643365036796,
      -4.102643365036796,
      -4.795790545596741,
      -4.795790545596741,
      -4.795790545596741,
      -4.795790545596741,
      -4.795790545596741,
      -4.102643365036796,
      -4.795790545596741,
      -4.102643365036796,
      -4.795790545596741,
      -3.186352633162641,
      -4.102643365036796,
      -4.795790545596741,
      -4.795790545596741,
      -4.795790545596741,
      -4.795790545596741,
      -4.795790545596741,
      -4.102643365036796,
      -4.795790545596741,
      -3.4094961844768505,
      -4.795790545596741,
      -4.795790545596741,
      -4.795790545596741,
      -4.795790545596741,
      -4.102643365036796,
      -4.795790545596741,
      -4.795790545596741,
      -4.102643365036796,
      -4.102643365036796,
      -4.102643365036796
    ],
    [
      -4.324132656254979,
      -3.9186675481468143,
      -5.017279836814924,
      -3.9186675481468143,
      -5.017279836814924,
      -5.017279836814924,
      -5.017279836814924,
      -5.017279836814924,
      -4.324132656254979,
      -5.017279836814924,
      -4.324132656254979,
      -5.017279836814924,
      -4.324132656254979,
      -4.324132656254979,
      -5.017279836814924,
      -4.324132656254979,
      -4.324132656254979,
      -4.324132656254979,
      -4.324132656254979,
      -4.324132656254979,
      -5.017279836814924,
      -5.017279836814924,
      -4.324132656254979,
      -4.324132656254979,
      -5.017279836814924,
      -4.324132656254979,
      -4.324132656254979,
      -3.9186675481468143,
      -4.324132656254979,
      -5.017279836814924,
      -3.9186675481468143,
      -3.9186675481468143,
      -3.9186675481468143,
      -4.324132656254979,
      -4.324132656254979,
      -4.324132656254979,
      -3.9186675481468143,
      -4.324132656254979,
      -4.324132656254979,
      -4.324132656254979,
      -5.017279836814924,
      -3.6309854756950335,
      -4.324132656254979,
      -4.324132656254979,
      -5.017279836814924,
      -5.017279836814924,
      -4.324132656254979,
      -5.017279836814924,
      -4.324132656254979,
      -4.324132656254979,
      -5.017279836814924,
      -5.017279836814924,
      -4.324132656254979,
      -4.324132656254979,
      -4.324132656254979,
      -4.324132656254979,
      -4.324132656254979,
      -5.017279836814924,
      -4.324132656254979,
      -5.017279836814924,
      -4.324132656254979,
      -3.9186675481468143,
      -5.017279836814924,
      -4.324132656254979,
      -3.6309854756950335,
      -3.9186675481468143,
      -4.324132656254979,
      -4.324132656254979,
      -5.017279836814924,
      -4.324132656254979,
      -3.9186675481468143,
      -3.9186675481468143,
      -4.324132656254979,
      -4.324132656254979,
      -4.324132656254979,
      -5.017279836814924,
      -4.324132656254979,
      -4.324132656254979,
      -5.017279836814924,
      -5.017279836814924,
      -5.017279836814924
    ]
  ],
  "classes": [
    0,
    1
  ]
}